file,class,type,cbo,cboModified,fanin,fanout,wmc,dit,noc,rfc,lcom,lcom*,tcc,lcc,totalMethodsQty,staticMethodsQty,publicMethodsQty,privateMethodsQty,protectedMethodsQty,defaultMethodsQty,visibleMethodsQty,abstractMethodsQty,finalMethodsQty,synchronizedMethodsQty,totalFieldsQty,staticFieldsQty,publicFieldsQty,privateFieldsQty,protectedFieldsQty,defaultFieldsQty,finalFieldsQty,synchronizedFieldsQty,nosi,loc,returnQty,loopQty,comparisonsQty,tryCatchQty,parenthesizedExpsQty,stringLiteralsQty,numbersQty,assignmentsQty,mathOperationsQty,variablesQty,maxNestedBlocksQty,anonymousClassesQty,innerClassesQty,lambdasQty,uniqueWordsQty,modifiers,logStatementsQty
C:\BankingSystem\src\Exceptions\MaxWithdraw.java,Exceptions.MaxWithdraw,class,0,1,1,0,1,3,0,0,0,1.0,NaN,NaN,1,0,1,0,0,0,1,0,0,0,1,1,0,1,0,0,1,0,0,6,0,0,0,0,0,0,1,1,0,1,0,0,0,0,11,1,0
C:\BankingSystem\src\GUI\AddStudentAccount.java,GUI.AddStudentAccount$Anonymous1,anonymous,2,2,0,2,8,1,0,12,0,0.0,NaN,NaN,1,0,1,0,0,0,1,0,0,0,0,0,0,0,0,0,0,0,6,46,0,0,3,2,0,6,10,6,0,5,4,0,0,0,19,-1,0
C:\BankingSystem\src\GUI\AddStudentAccount.java,GUI.AddStudentAccount$Anonymous2,anonymous,0,0,0,0,1,1,0,1,0,0.0,NaN,NaN,1,0,1,0,0,0,1,0,0,0,0,0,0,0,0,0,0,0,0,7,0,0,0,0,0,0,0,0,0,0,0,0,0,0,6,-1,0
C:\BankingSystem\src\GUI\AddSavingsAccount.java,GUI.AddSavingsAccount$Anonymous1,anonymous,2,2,0,2,6,1,0,12,0,0.0,NaN,NaN,1,0,1,0,0,0,1,0,0,0,0,0,0,0,0,0,0,0,7,39,0,0,2,0,0,6,10,5,0,5,3,0,0,0,17,-1,0
C:\BankingSystem\src\GUI\AddSavingsAccount.java,GUI.AddSavingsAccount$Anonymous2,anonymous,0,0,0,0,1,1,0,1,0,0.0,NaN,NaN,1,0,1,0,0,0,1,0,0,0,0,0,0,0,0,0,0,0,0,7,0,0,0,0,0,0,0,0,0,0,0,0,0,0,6,-1,0
C:\BankingSystem\src\GUI\WithdrawAcc.java,GUI.WithdrawAcc,class,0,1,1,0,1,6,0,13,0,0.25,NaN,NaN,1,0,1,0,0,0,1,0,0,0,4,1,0,4,0,0,1,0,0,97,0,0,0,0,0,7,40,9,0,9,0,2,0,0,44,1,0
C:\BankingSystem\src\GUI\AddCurrentAccount.java,GUI.AddCurrentAccount$Anonymous1,anonymous,2,2,0,2,7,1,0,13,0,0.0,NaN,NaN,1,0,1,0,0,0,1,0,0,0,0,0,0,0,0,0,0,0,6,42,0,0,3,1,0,6,10,6,0,5,4,0,0,0,19,-1,0
C:\BankingSystem\src\GUI\AddCurrentAccount.java,GUI.AddCurrentAccount$Anonymous2,anonymous,0,0,0,0,1,1,0,1,0,0.0,NaN,NaN,1,0,1,0,0,0,1,0,0,0,0,0,0,0,0,0,0,0,0,7,0,0,0,0,0,0,0,0,0,0,0,0,0,0,6,-1,0
C:\BankingSystem\src\Bank\BankAccount.java,Bank.BankAccount,class,1,7,6,1,7,1,2,2,0,0.56000006,1.0,1.0,5,0,5,0,0,0,5,0,0,0,5,1,0,2,0,3,1,0,1,30,2,0,0,0,2,6,3,7,4,5,1,0,0,0,23,1,0
C:\BankingSystem\src\GUI\AddStudentAccount.java,GUI.AddStudentAccount,class,0,1,1,0,1,6,0,12,0,0.2,NaN,NaN,1,0,1,0,0,0,1,0,0,0,5,1,0,5,0,0,1,0,0,106,0,0,0,0,0,11,52,11,0,11,0,2,0,0,45,1,0
C:\BankingSystem\src\Bank\CurrentAccount.java,Bank.CurrentAccount,class,1,2,1,1,2,2,0,0,0,0.5,NaN,NaN,1,0,1,0,0,0,1,0,0,0,2,1,0,1,0,1,1,0,0,9,0,0,0,0,0,1,3,2,0,2,1,0,0,0,15,1,0
C:\BankingSystem\src\Bank\Bank.java,Bank.Bank,class,8,16,8,8,24,1,0,9,43,0.9,0.022222223,0.022222223,10,0,10,0,0,0,10,0,0,0,2,1,0,2,0,0,1,0,0,82,8,3,7,0,0,5,11,14,0,11,2,0,0,0,46,1,0
C:\BankingSystem\src\GUI\AddSavingsAccount.java,GUI.AddSavingsAccount,class,0,1,1,0,1,6,0,12,0,0.2,NaN,NaN,1,0,1,0,0,0,1,0,0,0,5,1,0,5,0,0,1,0,0,99,0,0,0,0,0,11,52,11,0,11,0,2,0,0,45,1,0
C:\BankingSystem\src\Exceptions\InvalidAmount.java,Exceptions.InvalidAmount,class,0,1,1,0,1,3,0,0,0,1.0,NaN,NaN,1,0,1,0,0,0,1,0,0,0,1,1,0,1,0,0,1,0,0,6,0,0,0,0,0,0,1,1,0,1,0,0,0,0,11,1,0
C:\BankingSystem\src\GUI\DepositAcc.java,GUI.DepositAcc,class,0,1,1,0,1,6,0,13,0,0.25,NaN,NaN,1,0,1,0,0,0,1,0,0,0,4,1,0,4,0,0,1,0,0,83,0,0,0,0,0,7,40,9,0,9,0,2,0,0,42,1,0
C:\BankingSystem\src\GUI\Menu.java,GUI.Menu,class,2,4,2,2,1,6,0,16,0,0.5,NaN,NaN,1,0,1,0,0,0,1,0,0,0,2,1,0,2,0,0,1,0,1,93,0,0,0,0,0,11,38,10,0,10,0,5,0,0,47,1,0
C:\BankingSystem\src\Data\FileIO.java,Data.FileIO,class,1,3,2,1,7,1,0,6,0,0.0,0.0,0.0,2,2,2,0,0,0,2,0,0,0,1,1,1,0,0,0,0,0,0,34,0,0,2,3,0,2,0,9,0,5,3,0,0,0,18,1,0
C:\BankingSystem\src\GUI\DisplayList.java,GUI.DisplayList,class,1,2,1,1,1,6,0,15,0,0.33333334,NaN,NaN,1,0,1,0,0,0,1,0,0,0,3,2,0,2,0,1,1,0,0,28,0,0,0,0,0,3,18,7,0,6,0,0,0,0,34,1,0
C:\BankingSystem\src\GUI\DepositAcc.java,GUI.DepositAcc$Anonymous2,anonymous,0,0,0,0,1,1,0,1,0,0.0,NaN,NaN,1,0,1,0,0,0,1,0,0,0,0,0,0,0,0,0,0,0,0,6,0,0,0,0,0,0,0,0,0,0,0,0,0,0,6,-1,0
C:\BankingSystem\src\GUI\DepositAcc.java,GUI.DepositAcc$Anonymous1,anonymous,1,1,0,1,4,1,0,8,0,0.0,NaN,NaN,1,0,1,0,0,0,1,0,0,0,0,0,0,0,0,0,0,0,5,32,0,0,1,1,0,4,5,3,0,3,2,0,0,0,22,-1,0
C:\BankingSystem\src\GUI\AddCurrentAccount.java,GUI.AddCurrentAccount,class,0,1,1,0,1,6,0,13,0,0.2,NaN,NaN,1,0,1,0,0,0,1,0,0,0,5,1,0,5,0,0,1,0,0,103,0,0,0,0,0,11,52,11,0,11,0,2,0,0,45,1,0
C:\BankingSystem\src\Application.java,Application$Anonymous1,anonymous,0,0,0,0,2,1,0,1,0,0.0,NaN,NaN,1,0,1,0,0,0,1,0,0,0,0,0,0,0,0,0,0,0,0,9,0,0,0,1,0,0,0,0,0,0,1,0,0,0,4,-1,0
C:\BankingSystem\src\Exceptions\MaxBalance.java,Exceptions.MaxBalance,class,0,2,2,0,1,3,0,0,0,1.0,NaN,NaN,1,0,1,0,0,0,1,0,0,0,1,1,0,1,0,0,1,0,0,6,0,0,0,0,0,0,1,1,0,1,0,0,0,0,11,1,0
C:\BankingSystem\src\Exceptions\AccNotFound.java,Exceptions.AccNotFound,class,0,1,1,0,1,3,0,0,0,1.0,NaN,NaN,1,0,1,0,0,0,1,0,0,0,1,1,0,1,0,0,1,0,0,6,0,0,0,0,0,0,1,1,0,1,0,0,0,0,12,1,0
C:\BankingSystem\src\GUI\WithdrawAcc.java,GUI.WithdrawAcc$Anonymous2,anonymous,0,0,0,0,1,1,0,1,0,0.0,NaN,NaN,1,0,1,0,0,0,1,0,0,0,0,0,0,0,0,0,0,0,0,6,0,0,0,0,0,0,0,0,0,0,0,0,0,0,6,-1,0
C:\BankingSystem\src\GUI\WithdrawAcc.java,GUI.WithdrawAcc$Anonymous1,anonymous,1,1,0,1,6,1,0,8,0,0.0,NaN,NaN,1,0,1,0,0,0,1,0,0,0,0,0,0,0,0,0,0,0,11,46,0,0,1,1,0,10,11,3,0,3,2,0,0,0,24,-1,0
C:\BankingSystem\src\GUI\Menu.java,GUI.Menu$Anonymous4,anonymous,1,1,0,1,1,1,0,4,0,0.0,NaN,NaN,1,0,1,0,0,0,1,0,0,0,0,0,0,0,0,0,0,0,3,7,0,0,0,0,0,1,2,0,0,0,0,0,0,0,8,-1,0
C:\BankingSystem\src\GUI\Login.java,GUI.Login,class,1,3,2,1,2,1,0,12,1,0.5,NaN,NaN,2,0,1,1,0,0,1,0,0,0,3,0,1,2,0,0,0,0,0,60,0,0,0,0,0,11,38,8,0,8,0,1,0,0,26,1,0
C:\BankingSystem\src\GUI\Menu.java,GUI.Menu$Anonymous3,anonymous,0,0,0,0,2,1,0,4,0,0.0,NaN,NaN,1,0,1,0,0,0,1,0,0,0,0,0,0,0,0,0,0,0,1,10,0,0,0,0,0,2,2,0,0,0,1,0,0,0,8,-1,0
C:\BankingSystem\src\GUI\Menu.java,GUI.Menu$Anonymous5,anonymous,0,0,0,0,2,1,0,4,0,0.0,NaN,NaN,1,0,1,0,0,0,1,0,0,0,0,0,0,0,0,0,0,0,1,10,0,0,0,0,0,2,2,0,0,0,1,0,0,0,8,-1,0
C:\BankingSystem\src\Bank\SavingsAccount.java,Bank.SavingsAccount,class,2,4,2,2,4,2,1,2,1,0.6666667,0.33333334,0.33333334,3,0,3,0,0,0,3,0,0,0,3,1,0,1,0,2,1,0,0,21,1,0,0,0,1,1,3,4,2,4,1,0,0,0,22,1,0
C:\BankingSystem\src\GUI\AddAccount.java,GUI.AddAccount,class,0,1,1,0,1,6,0,12,0,0.5,NaN,NaN,1,0,1,0,0,0,1,0,0,0,2,1,0,2,0,0,1,0,0,64,0,0,0,0,0,6,26,6,0,6,0,3,0,0,37,1,0
C:\BankingSystem\src\GUI\GUIForm.java,GUI.GUIForm,class,9,9,0,9,2,1,0,5,0,0.8888889,NaN,NaN,1,1,1,0,0,0,1,0,0,0,9,9,9,0,0,0,0,0,0,24,0,0,0,0,0,0,0,12,0,10,1,0,0,0,29,1,0
C:\BankingSystem\src\GUI\Login.java,GUI.Login$Anonymous1,anonymous,0,0,0,0,3,1,0,6,0,0.0,NaN,NaN,1,0,1,0,0,0,1,0,0,0,0,0,0,0,0,0,0,0,2,16,0,0,0,0,2,7,2,2,0,2,1,0,0,0,9,-1,0
C:\BankingSystem\src\GUI\AddAccount.java,GUI.AddAccount$Anonymous3,anonymous,0,0,0,0,2,1,0,5,0,0.0,NaN,NaN,1,0,1,0,0,0,1,0,0,0,0,0,0,0,0,0,0,0,1,11,0,0,0,0,0,2,2,0,0,0,1,0,0,0,9,-1,0
C:\BankingSystem\src\Application.java,Application,class,0,0,0,0,1,1,0,1,0,0.0,NaN,NaN,1,1,1,0,0,0,1,0,0,0,0,0,0,0,0,0,0,0,1,14,0,0,0,0,0,0,0,0,0,0,0,1,0,0,4,1,0
C:\BankingSystem\src\Bank\StudentAccount.java,Bank.StudentAccount,class,1,2,1,1,1,3,0,0,0,0.5,NaN,NaN,1,0,1,0,0,0,1,0,0,0,2,1,0,1,0,1,1,0,0,9,0,0,0,0,0,0,3,3,0,2,0,0,0,0,14,1,0
C:\BankingSystem\src\GUI\AddAccount.java,GUI.AddAccount$Anonymous2,anonymous,0,0,0,0,2,1,0,5,0,0.0,NaN,NaN,1,0,1,0,0,0,1,0,0,0,0,0,0,0,0,0,0,0,1,11,0,0,0,0,0,2,2,0,0,0,1,0,0,0,9,-1,0
C:\BankingSystem\src\GUI\AddAccount.java,GUI.AddAccount$Anonymous1,anonymous,0,0,0,0,2,1,0,5,0,0.0,NaN,NaN,1,0,1,0,0,0,1,0,0,0,0,0,0,0,0,0,0,0,1,11,0,0,0,0,0,2,2,0,0,0,1,0,0,0,9,-1,0
C:\BankingSystem\src\GUI\Menu.java,GUI.Menu$Anonymous2,anonymous,0,0,0,0,2,1,0,4,0,0.0,NaN,NaN,1,0,1,0,0,0,1,0,0,0,0,0,0,0,0,0,0,0,1,10,0,0,0,0,0,2,2,0,0,0,1,0,0,0,8,-1,0
C:\BankingSystem\src\GUI\Menu.java,GUI.Menu$Anonymous1,anonymous,0,0,0,0,2,1,0,4,0,0.0,NaN,NaN,1,0,1,0,0,0,1,0,0,0,0,0,0,0,0,0,0,0,1,10,0,0,0,0,0,2,2,0,0,0,1,0,0,0,8,-1,0
