file,class,method,constructor,line,cbo,cboModified,fanin,fanout,wmc,rfc,loc,returnsQty,variablesQty,parametersQty,methodsInvokedQty,methodsInvokedLocalQty,methodsInvokedIndirectLocalQty,loopQty,comparisonsQty,tryCatchQty,parenthesizedExpsQty,stringLiteralsQty,numbersQty,assignmentsQty,mathOperationsQty,maxNestedBlocksQty,anonymousClassesQty,innerClassesQty,lambdasQty,uniqueWordsQty,modifiers,logStatementsQty,hasJavaDoc
C:\BankingSystem\src\Exceptions\MaxWithdraw.java,Exceptions.MaxWithdraw,MaxWithdraw/1[java.lang.String],true,13,0,1,1,0,1,0,3,0,0,1,0,0,0,0,0,0,0,0,0,0,0,0,0,0,0,3,1,0,false
C:\BankingSystem\src\GUI\AddStudentAccount.java,GUI.AddStudentAccount$Anonymous1,actionPerformed/1[java.awt.event.ActionEvent],false,77,2,7,0,7,8,12,44,0,5,1,12,0,0,0,3,2,0,6,10,6,0,4,0,0,0,19,1,0,false
C:\BankingSystem\src\GUI\AddStudentAccount.java,GUI.AddStudentAccount$Anonymous2,actionPerformed/1[java.awt.event.ActionEvent],false,141,0,7,0,7,1,1,5,0,0,1,1,0,0,0,0,0,0,0,0,0,0,0,0,0,0,6,1,0,false
C:\BankingSystem\src\GUI\AddSavingsAccount.java,GUI.AddSavingsAccount$Anonymous1,actionPerformed/1[java.awt.event.ActionEvent],false,77,2,7,0,7,6,12,37,0,5,1,12,0,0,0,2,0,0,6,10,5,0,3,0,0,0,17,1,0,false
C:\BankingSystem\src\GUI\AddSavingsAccount.java,GUI.AddSavingsAccount$Anonymous2,actionPerformed/1[java.awt.event.ActionEvent],false,131,0,7,0,7,1,1,5,0,0,1,1,0,0,0,0,0,0,0,0,0,0,0,0,0,0,6,1,0,false
C:\BankingSystem\src\GUI\WithdrawAcc.java,GUI.WithdrawAcc,WithdrawAcc/0,true,37,0,1,0,1,1,13,91,0,5,0,13,0,0,0,0,0,0,7,39,8,0,0,2,0,0,54,1,0,true
C:\BankingSystem\src\GUI\AddCurrentAccount.java,GUI.AddCurrentAccount$Anonymous1,actionPerformed/1[java.awt.event.ActionEvent],false,79,2,7,0,7,7,13,40,0,5,1,13,0,0,0,3,1,0,6,10,6,0,4,0,0,0,19,1,0,false
C:\BankingSystem\src\GUI\AddCurrentAccount.java,GUI.AddCurrentAccount$Anonymous2,actionPerformed/1[java.awt.event.ActionEvent],false,137,0,7,0,7,1,1,5,0,0,1,1,0,0,0,0,0,0,0,0,0,0,0,0,0,0,6,1,0,false
C:\BankingSystem\src\Bank\BankAccount.java,Bank.BankAccount,getbalance/0,false,47,0,2,2,0,1,0,3,1,0,0,0,0,0,0,0,0,0,0,0,0,0,0,0,0,0,2,1,0,false
C:\BankingSystem\src\Bank\BankAccount.java,Bank.BankAccount,deposit/1[double],false,28,0,1,1,0,1,0,3,0,0,1,0,0,0,0,0,0,0,0,0,1,0,0,0,0,0,3,1,0,false
C:\BankingSystem\src\Bank\BankAccount.java,Bank.BankAccount,withdraw/1[double],false,33,1,2,1,1,3,0,8,0,0,1,0,0,0,0,0,0,1,1,0,1,1,1,0,0,0,6,1,0,false
C:\BankingSystem\src\Bank\BankAccount.java,Bank.BankAccount,toString/0,false,52,0,2,2,0,1,1,3,1,0,0,1,0,0,0,0,0,0,4,0,0,1,0,0,0,0,6,1,0,false
C:\BankingSystem\src\Bank\BankAccount.java,Bank.BankAccount,"BankAccount/3[java.lang.String,double,double]",true,20,0,0,0,0,1,1,6,0,0,3,1,0,0,0,0,0,1,1,2,4,2,0,0,0,0,7,1,0,false
C:\BankingSystem\src\GUI\AddStudentAccount.java,GUI.AddStudentAccount,AddStudentAccount/0,true,30,0,1,0,1,1,12,99,0,6,0,12,0,0,0,0,0,0,11,51,10,0,0,2,0,0,54,1,0,true
C:\BankingSystem\src\Bank\CurrentAccount.java,Bank.CurrentAccount,"CurrentAccount/3[java.lang.String,double,java.lang.String]",true,12,0,1,1,0,2,0,5,0,0,3,0,0,0,0,0,0,0,1,2,1,0,1,0,0,0,7,1,0,false
C:\BankingSystem\src\Bank\Bank.java,Bank.Bank,"addAccount/3[java.lang.String,double,double]",false,30,2,3,1,2,1,1,4,1,1,3,1,1,2,0,0,0,0,0,0,1,0,0,0,0,0,7,1,0,false
C:\BankingSystem\src\Bank\Bank.java,Bank.Bank,display/0,false,111,2,3,1,2,3,3,11,1,2,0,3,1,1,1,1,0,0,0,2,2,0,2,0,0,0,6,1,0,false
C:\BankingSystem\src\Bank\Bank.java,Bank.Bank,findAccount/1[java.lang.String],false,48,2,3,2,1,4,2,12,2,1,1,2,1,1,1,1,0,0,0,2,1,0,2,0,0,0,9,1,0,false
C:\BankingSystem\src\Bank\Bank.java,Bank.Bank,addAccount/1[Bank.BankAccount],false,16,2,4,3,1,3,1,10,1,1,1,1,1,1,1,1,0,0,0,3,3,0,2,0,0,0,8,1,0,false
C:\BankingSystem\src\Bank\Bank.java,Bank.Bank,getAccounts/0,false,145,1,4,4,0,1,0,3,1,0,0,0,0,0,0,0,0,0,0,0,0,0,0,0,0,0,3,1,0,false
C:\BankingSystem\src\Bank\Bank.java,Bank.Bank,"addAccount/3[java.lang.String,double,java.lang.String]",false,36,2,3,1,2,1,1,4,1,1,3,1,1,2,0,0,0,0,0,0,1,0,0,0,0,0,7,1,0,false
C:\BankingSystem\src\Bank\Bank.java,Bank.Bank,"deposit/2[java.lang.String,double]",false,67,4,5,1,4,4,2,12,0,1,2,2,1,2,0,2,0,0,2,1,1,0,1,0,0,0,15,1,0,false
C:\BankingSystem\src\Bank\Bank.java,Bank.Bank,setAccounts/1[Bank.BankAccount[]],false,149,1,0,0,0,1,0,3,0,0,1,0,0,0,0,0,0,0,0,0,1,0,0,0,0,0,3,1,0,false
C:\BankingSystem\src\Bank\Bank.java,Bank.Bank,"withdraw/2[java.lang.String,double]",false,87,5,7,1,6,5,3,15,0,1,2,3,1,2,0,2,0,0,3,1,1,0,1,0,0,0,16,1,0,false
C:\BankingSystem\src\Bank\Bank.java,Bank.Bank,"addAccount/4[java.lang.String,java.lang.String,double,double]",false,42,2,2,0,2,1,1,4,1,1,4,1,1,2,0,0,0,0,0,0,1,0,0,0,0,0,6,1,0,false
C:\BankingSystem\src\GUI\AddSavingsAccount.java,GUI.AddSavingsAccount,AddSavingsAccount/0,true,30,0,1,0,1,1,12,92,0,6,0,12,0,0,0,0,0,0,11,51,10,0,0,2,0,0,52,1,0,true
C:\BankingSystem\src\Exceptions\InvalidAmount.java,Exceptions.InvalidAmount,InvalidAmount/1[java.lang.String],true,10,0,2,2,0,1,0,3,0,0,1,0,0,0,0,0,0,0,0,0,0,0,0,0,0,0,3,1,0,false
C:\BankingSystem\src\GUI\DepositAcc.java,GUI.DepositAcc,DepositAcc/0,true,35,0,1,0,1,1,13,77,0,5,0,13,0,0,0,0,0,0,7,39,8,0,0,2,0,0,50,1,0,true
C:\BankingSystem\src\GUI\Menu.java,GUI.Menu,Menu/0,true,32,2,2,0,2,1,16,89,0,8,0,16,0,0,0,0,0,0,11,37,9,0,0,5,0,0,48,1,0,true
C:\BankingSystem\src\Data\FileIO.java,Data.FileIO,Read/0,false,17,1,2,1,1,5,3,20,0,2,0,3,0,0,0,2,2,0,1,0,6,0,3,0,0,0,13,9,0,false
C:\BankingSystem\src\Data\FileIO.java,Data.FileIO,Write/0,false,44,0,1,1,0,2,3,11,0,2,0,3,0,0,0,0,1,0,1,0,2,0,1,0,0,0,9,9,0,false
C:\BankingSystem\src\GUI\DisplayList.java,GUI.DisplayList,DisplayList/0,true,31,1,2,1,1,1,15,23,0,3,0,15,0,0,0,0,0,0,3,17,5,0,0,0,0,0,26,1,0,true
C:\BankingSystem\src\GUI\DepositAcc.java,GUI.DepositAcc$Anonymous2,actionPerformed/1[java.awt.event.ActionEvent],false,129,0,7,0,7,1,1,4,0,0,1,1,0,0,0,0,0,0,0,0,0,0,0,0,0,0,6,1,0,false
C:\BankingSystem\src\GUI\DepositAcc.java,GUI.DepositAcc$Anonymous1,actionPerformed/1[java.awt.event.ActionEvent],false,73,1,7,0,7,4,8,30,0,3,1,8,0,0,0,1,1,0,4,5,3,0,2,0,0,0,22,1,0,false
C:\BankingSystem\src\GUI\AddCurrentAccount.java,GUI.AddCurrentAccount,AddCurrentAccount/0,true,31,0,1,0,1,1,13,96,0,6,0,13,0,0,0,0,0,0,11,51,10,0,0,2,0,0,54,1,0,true
C:\BankingSystem\src\Application.java,Application$Anonymous1,run/0,false,10,0,0,0,0,2,1,7,0,0,0,1,0,0,0,0,1,0,0,0,0,0,1,0,0,0,4,1,0,false
C:\BankingSystem\src\Exceptions\MaxBalance.java,Exceptions.MaxBalance,MaxBalance/1[java.lang.String],true,11,0,2,2,0,1,0,3,0,0,1,0,0,0,0,0,0,0,0,0,0,0,0,0,0,0,3,1,0,false
C:\BankingSystem\src\Exceptions\AccNotFound.java,Exceptions.AccNotFound,AccNotFound/1[java.lang.String],true,10,0,2,2,0,1,0,3,0,0,1,0,0,0,0,0,0,0,0,0,0,0,0,0,0,0,4,1,0,false
C:\BankingSystem\src\GUI\WithdrawAcc.java,GUI.WithdrawAcc$Anonymous2,actionPerformed/1[java.awt.event.ActionEvent],false,138,0,7,0,7,1,1,4,0,0,1,1,0,0,0,0,0,0,0,0,0,0,0,0,0,0,6,1,0,false
C:\BankingSystem\src\GUI\WithdrawAcc.java,GUI.WithdrawAcc$Anonymous1,actionPerformed/1[java.awt.event.ActionEvent],false,75,1,7,0,7,6,8,44,0,3,1,8,0,0,0,1,1,0,10,11,3,0,2,0,0,0,24,1,0,false
C:\BankingSystem\src\GUI\Menu.java,GUI.Menu$Anonymous4,actionPerformed/1[java.awt.event.ActionEvent],false,125,1,7,0,7,1,4,5,0,0,1,4,0,0,0,0,0,0,1,2,0,0,0,0,0,0,8,1,0,false
C:\BankingSystem\src\GUI\Login.java,GUI.Login,initialize/0,false,47,0,2,1,1,1,11,52,0,5,0,11,0,0,0,0,0,0,11,38,8,0,0,1,0,0,33,2,0,true
C:\BankingSystem\src\GUI\Login.java,GUI.Login,Login/0,true,40,1,1,0,1,1,1,3,0,0,0,1,1,1,0,0,0,0,0,0,0,0,0,0,0,0,4,1,0,true
C:\BankingSystem\src\GUI\Menu.java,GUI.Menu$Anonymous3,actionPerformed/1[java.awt.event.ActionEvent],false,107,0,7,0,7,2,4,8,0,0,1,4,0,0,0,0,0,0,2,2,0,0,1,0,0,0,8,1,0,false
C:\BankingSystem\src\GUI\Menu.java,GUI.Menu$Anonymous5,actionPerformed/1[java.awt.event.ActionEvent],false,136,0,7,0,7,2,4,8,0,0,1,4,0,0,0,0,0,0,2,2,0,0,1,0,0,0,8,1,0,false
C:\BankingSystem\src\Bank\SavingsAccount.java,Bank.SavingsAccount,getNetBalance/0,false,22,1,1,0,1,1,1,4,1,1,0,1,0,0,0,0,0,1,0,0,1,2,0,0,0,0,5,1,0,false
C:\BankingSystem\src\Bank\SavingsAccount.java,Bank.SavingsAccount,"SavingsAccount/3[java.lang.String,double,double]",true,15,0,1,1,0,1,0,4,0,0,3,0,0,0,0,0,0,0,0,1,1,0,0,0,0,0,5,1,0,false
C:\BankingSystem\src\Bank\SavingsAccount.java,Bank.SavingsAccount,withdraw/1[double],false,28,1,1,0,1,2,1,8,0,0,1,1,0,0,0,0,0,0,1,0,0,0,1,0,0,0,8,1,0,false
C:\BankingSystem\src\GUI\AddAccount.java,GUI.AddAccount,AddAccount/0,true,25,0,1,0,1,1,12,60,0,4,0,12,0,0,0,0,0,0,6,25,5,0,0,3,0,0,37,1,0,true
C:\BankingSystem\src\GUI\GUIForm.java,GUI.GUIForm,UpdateDisplay/0,false,17,1,1,0,1,2,5,13,0,1,0,5,0,0,0,0,0,0,0,0,3,0,1,0,0,0,7,9,0,false
C:\BankingSystem\src\GUI\Login.java,GUI.Login$Anonymous1,actionPerformed/1[java.awt.event.ActionEvent],false,89,0,7,0,7,3,6,14,0,2,1,6,0,0,0,0,0,2,7,2,2,0,1,0,0,0,9,1,0,false
C:\BankingSystem\src\GUI\AddAccount.java,GUI.AddAccount$Anonymous3,actionPerformed/1[java.awt.event.ActionEvent],false,75,0,7,0,7,2,5,9,0,0,1,5,0,0,0,0,0,0,2,2,0,0,1,0,0,0,9,1,0,false
C:\BankingSystem\src\Application.java,Application,main/1[java.lang.String[]],false,8,0,1,0,1,1,1,12,0,0,1,1,0,0,0,0,0,0,0,0,0,0,0,1,0,0,7,9,0,false
C:\BankingSystem\src\Bank\StudentAccount.java,Bank.StudentAccount,"StudentAccount/3[java.lang.String,double,java.lang.String]",true,10,0,1,1,0,1,0,5,0,0,3,0,0,0,0,0,0,0,0,2,2,0,0,0,0,0,6,1,0,false
C:\BankingSystem\src\GUI\AddAccount.java,GUI.AddAccount$Anonymous2,actionPerformed/1[java.awt.event.ActionEvent],false,56,0,7,0,7,2,5,9,0,0,1,5,0,0,0,0,0,0,2,2,0,0,1,0,0,0,9,1,0,false
C:\BankingSystem\src\GUI\AddAccount.java,GUI.AddAccount$Anonymous1,actionPerformed/1[java.awt.event.ActionEvent],false,37,0,7,0,7,2,5,9,0,0,1,5,0,0,0,0,0,0,2,2,0,0,1,0,0,0,9,1,0,false
C:\BankingSystem\src\GUI\Menu.java,GUI.Menu$Anonymous2,actionPerformed/1[java.awt.event.ActionEvent],false,88,0,7,0,7,2,4,8,0,0,1,4,0,0,0,0,0,0,2,2,0,0,1,0,0,0,8,1,0,false
C:\BankingSystem\src\GUI\Menu.java,GUI.Menu$Anonymous1,actionPerformed/1[java.awt.event.ActionEvent],false,71,0,7,0,7,2,4,8,0,0,1,4,0,0,0,0,0,0,2,2,0,0,1,0,0,0,8,1,0,false
